Country,Elo_Rating,Poisson_Attack,Poisson_Defense,Poisson_Dominance,Short_Term_Form_GF,Short_Term_Form_WR,Long_Term_Form_GF,Long_Term_Form_WR,Nudge_Power_Rating,Nudge_Raw_Delta
Spain,2005.890600037787,1.7575662715747238,0.5779689085370727,3.0409356725146193,1.4907651932633272,0.2672059967456835,2.2731538744068724,0.4970844399872193,97,1.455
Argentina,1992.9189901028335,1.342375567381437,0.3945942244482705,3.401913875598086,2.862335351768678,0.9737810157398692,2.599348747898608,0.8752493723319021,95,1.4249999999999998
Morocco,1973.2849811853034,1.4533026584647848,0.34263513701846293,4.241545893719807,3.4160164912371282,0.8782768372389769,2.6352726703133564,0.7944795716758586,82,1.23
France,1931.3999424295193,1.533975172309677,0.6187318851439033,2.4792243767313016,2.0518424437703326,0.5652035861903062,2.284797184390601,0.6807421016263865,97,1.455
Japan,1929.8775239081526,1.7891032470122545,0.4994788710146255,3.581939799331105,1.5125598532053353,0.9322622928248819,1.8343980255349,0.7641193452596495,81,1.215
Brazil,1919.5323710253924,1.3643470319006399,0.46407716559540013,2.939914163090129,3.6388968965543107,0.722475651207418,2.630196776909175,0.5770257569646932,94,1.41
England,1905.6555848111882,1.705873145940173,0.46399749569572707,3.676470588235294,1.1184803571552835,0.6118167023576982,1.7911231604638747,0.679373411354175,93,1.395
Colombia,1901.6438945637997,1.0599357997435284,0.6253621218486819,1.6949152542372876,2.1183150734243585,0.5751053174943646,2.077495118855272,0.528459957829545,84,1.26
Portugal,1889.4143249094698,1.7044379161298875,0.5681459720432956,3.000000000000001,2.228489291206396,0.7673943852269204,2.414867217329395,0.6493841352014749,91,1.365
Algeria,1888.45615855193,1.57793265999466,0.5151736900739322,3.062913907284768,1.6372658415712404,0.6652748043855254,1.935913324959379,0.6798806382413152,74,1.1099999999999999
Germany,1876.6283246758917,1.7301933644397254,0.848441366707136,2.0392609699769055,3.4295039139592025,0.9847556749728574,2.9969303096453164,0.8591686523835482,90,1.35
Mexico,1867.8251607458747,1.1732637569036068,0.5922959103816829,1.9808743169398906,1.3013471336636617,0.7427819262719744,1.280603407291366,0.5913294481904201,79,1.185
Iran,1866.1667149867237,1.619009666729723,0.5181720499286061,3.124463519313306,2.6810209552652333,0.6879548082326037,2.0930793865943604,0.5539372764683095,74,1.1099999999999999
Ecuador,1858.5965983079368,0.8422748658079605,0.6546288197545415,1.286644951140065,1.4214184841694895,0.49938633606296906,1.122461022334975,0.3814255893937412,79,1.185
Netherlands,1857.2713529951077,1.702089134765126,0.7128258889210435,2.387804878048781,1.210329030730428,0.29819532905363555,2.054262462534241,0.4697484796684192,88,1.32
Senegal,1841.698368695186,1.2534670388420304,0.4475488373204088,2.8007380073800734,2.026644510583371,0.5053366220379925,2.071412542042467,0.6491691127760063,80,1.2000000000000002
Norway,1840.5338771859667,1.5073965563062248,0.7122395576341117,2.1164179104477614,2.177340847321193,0.5846243867234974,2.7179709549402897,0.635253187577083,81,1.215
Belgium,1836.2949123756746,1.7578422713033002,0.6375593730115597,2.7571428571428567,2.6728904949702468,0.6849574833794984,2.938835373321806,0.6149665634714259,86,1.29
Ivory Coast,1835.3045304710402,1.2667514048011779,0.4959451254646121,2.5542168674698793,2.165441215304832,0.8158214457795028,2.1276711537716864,0.7176269875533934,77,1.155
Switzerland,1827.9749380386309,1.3236670982797138,0.8458287681953359,1.5649350649350648,2.456461183803642,0.49633886751077994,2.2960327309803,0.48148561571146925,82,1.23
Canada,1823.318209574524,1.594620549465814,0.6378482197863257,2.5,1.3096502207435647,0.5082490856849751,1.266681158278239,0.4429980282986915,75,1.125
Australia,1816.593967530953,1.4453890242902607,0.47872757492416285,3.0192307692307687,1.4536057229051056,0.42951934238320455,1.484240402549138,0.522081034781948,74,1.1099999999999999
Turkey,1813.181117787038,1.351213786870992,0.8983242003749214,1.5041493775933612,2.5305039386691437,0.8974609080570486,2.3271185043948246,0.7844870448962296,78,1.17
South Korea,1804.700205885672,1.3872131832732764,0.544759629635783,2.546468401486989,2.314026977904447,0.5832445376350386,1.8332004481021915,0.5679626546656396,77,1.155
Austria,1793.8802366256439,1.2958591476738441,0.7649565012700226,1.6940298507462686,2.3173511788941465,0.7991840140446744,2.4933809211699742,0.7113391064728711,79,1.185
Croatia,1788.220603503123,1.2643651565984106,0.8265655871391273,1.5296610169491522,1.1278716709292353,0.3387724810401716,1.8036259368629275,0.5434115314717607,83,1.2449999999999999
United States,1784.4287635399928,1.4316589396646175,0.6183299960600386,2.315363881401617,2.142891528838092,0.5847218249946508,2.005927632858259,0.5545404856499396,80,1.2000000000000002
Egypt,1784.226100927348,1.1481995445221715,0.47003334828626664,2.44280442804428,1.1436147167291173,0.6049037068354179,1.2545379404362498,0.5268978326972289,76,1.1400000000000001
Uruguay,1782.5855283912604,0.9702469888667141,0.6281865205079391,1.5445205479452053,0.9472890800129857,0.1689901718873296,0.983510250550863,0.30738106422629385,84,1.26
Uzbekistan,1767.8150154702407,1.2946358696867384,0.569639782662165,2.2727272727272725,0.7361822402373838,0.19532159450325404,1.1250878400496658,0.33570994699361145,68,1.02
DR Congo,1729.05898622237,0.8398048515387287,0.5868003519612384,1.431159420289855,0.7665676060443023,0.46973472098169156,1.1084839666795847,0.5695315946294738,69,1.035
Paraguay,1727.5691439136847,0.6444409662440654,0.8434594999370857,0.7640449438202247,1.11323646036483,0.4091029525207673,1.097171836860847,0.4110505518068901,76,1.1400000000000001
Panama,1722.022412364342,1.1931549952377511,0.898930125839886,1.3273056057866186,2.593049096456099,0.5791263480804743,2.0139621851892215,0.4889899942462527,67,1.0050000000000001
Scotland,1706.561852800222,1.0962407321229477,0.9193650111598479,1.192389006342495,2.2109476288785057,0.5531048001655462,1.9197220922276386,0.5212019892187731,73,1.095
Czech Republic,1698.3529358453618,1.1510045694271533,0.8832836424126883,1.303097345132743,2.212184830197998,0.550414435764131,2.0737745915332604,0.4961328644477255,73,1.095
Jordan,1695.1070829308333,1.1653783255620465,0.6942270223232654,1.678670360110803,1.5446129152754522,0.12018498051612808,1.6912652332156708,0.3135710304096907,65,0.9750000000000001
Iraq,1683.734710926691,0.9683054314228432,0.6444409662440654,1.5025510204081631,1.0633198590775907,0.4502717112916734,1.0903223401781519,0.5251391683393822,69,1.035
Tunisia,1683.1221910753654,1.0611306364632396,0.46795201980677015,2.2676056338028174,0.4592488541239362,0.17653480381136816,1.079788281095098,0.29946764780233404,71,1.065
South Africa,1669.4163433491046,1.0075313268209147,0.5828399915295591,1.728658536585366,0.7268576425048205,0.09127868592929955,1.198592367201259,0.28860636104651965,70,1.0499999999999998
Saudi Arabia,1663.8059101301362,0.923012639427761,0.6722981335624351,1.3729216152019,1.6996534735291682,0.4526917648573376,1.3069990371588305,0.39703491998057555,70,1.0499999999999998
Haiti,1649.2605211806417,1.7462530335309496,0.8382014560948556,2.083333333333334,2.167273385038505,0.5582008440463581,1.821075842087405,0.4832051794252731,62,0.9299999999999999
Sweden,1644.9104863028551,1.1919093278528994,0.9200357952186845,1.2955032119914345,1.7368182153126694,0.39304769853354826,1.7205260828670053,0.39766298067915296,78,1.17
New Zealand,1626.9205036693759,1.6333735372377156,0.6269083811330135,2.6054421768707487,1.0790842021187605,0.24593048404068663,1.3260096377409798,0.2632858438067813,64,0.96
Cape Verde,1613.3579319101877,0.8505673047118362,0.661025844051817,1.2867383512544803,2.0036412728695505,0.4528972556148849,1.7264666114909957,0.39961943493854674,64,0.96
Curaçao,1573.1684860134785,1.4167862463991667,0.7665034965870491,1.8483754512635382,1.119340700412179,0.08350116133180044,1.5247253474135876,0.2430407346892411,61,0.915
Ghana,1563.3772364960548,0.9503025632999025,0.733919115787953,1.29483282674772,0.5546406827288954,0.06735638750045417,1.0462752862111206,0.24151528103714412,73,1.095
Qatar,1528.179076980704,1.2317137822568025,0.8450492025103633,1.4575645756457563,0.2965190136051611,0.033138701920701286,0.6990060471612342,0.11544089615496951,68,1.02
Bosnia and Herzegovina,1507.3625189299512,0.8712672273891803,1.1023332317332697,0.7903846153846152,0.8501289107547387,0.0944046481303747,1.408779822325828,0.2485346482847786,72,1.08
